commodity,category,period,date,days_back,wholesale,retail,spread,ratio,margin_pct,predicted_retail,prediction_error_pct,volatility
Broken Rice,Cereal,today,2026-09-28,0,29.91,34.02,4.11,1.14,13.74,33.56,-1.35,Low
Broken Rice,Cereal,week_1,2026-09-21,7,29.03,32.97,3.94,1.14,13.56,32.61,-1.09,Low
Broken Rice,Cereal,month_1,2026-08-28,31,29.06,33.02,3.96,1.14,13.61,32.64,-1.15,Low
Rice,Cereal,today,2026-09-28,0,42.01,46.53,4.52,1.11,10.77,46.52,-0.02,Medium
Rice,Cereal,week_1,2026-09-21,7,41.52,46.16,4.64,1.11,11.17,46.0,-0.35,Medium
Rice,Cereal,month_1,2026-08-28,31,41.71,46.4,4.69,1.11,11.25,46.19,-0.45,Medium
Rice,Cereal,month_6,2026-03-28,184,38.52,42.92,4.4,1.11,11.42,42.74,-0.42,Medium
Rice,Cereal,year_1,2025-09-28,365,37.59,42.16,4.57,1.12,12.17,41.68,-1.14,Medium
Rice,Cereal,year_2,2024-09-28,730,38.57,43.16,4.59,1.12,11.9,42.6,-1.3,Medium
Wheat,Cereal,today,2026-09-28,0,28.89,31.97,3.08,1.11,10.66,32.7,2.28,Low
Wheat,Cereal,week_1,2026-09-21,7,28.83,32.0,3.17,1.11,10.99,32.63,1.97,Low
Wheat,Cereal,month_1,2026-08-28,31,28.61,31.8,3.19,1.11,11.14,32.39,1.86,Low
Wheat,Cereal,month_6,2026-03-28,184,27.97,31.08,3.11,1.11,11.12,31.66,1.87,Low
Wheat,Cereal,year_1,2025-09-28,365,28.79,31.91,3.12,1.11,10.85,32.5,1.85,Low
Wheat,Cereal,year_2,2024-09-28,730,28.0,30.99,2.99,1.11,10.67,31.56,1.84,Low
Atta (Wheat),Cereal,today,2026-09-28,0,33.55,37.68,4.13,1.12,12.32,37.48,-0.53,Low
Atta (Wheat),Cereal,week_1,2026-09-21,7,33.54,37.77,4.23,1.13,12.63,37.46,-0.82,Low
Atta (Wheat),Cereal,month_1,2026-08-28,31,33.44,37.78,4.34,1.13,13.0,37.35,-1.14,Low
Atta (Wheat),Cereal,month_6,2026-03-28,184,32.96,36.91,3.95,1.12,12.0,36.79,-0.33,Low
Atta (Wheat),Cereal,year_1,2025-09-28,365,33.49,37.34,3.85,1.11,11.5,37.31,-0.08,Low
Atta (Wheat),Cereal,year_2,2024-09-28,730,32.28,36.14,3.86,1.12,11.96,35.92,-0.61,Low
Gram Dal(Bharat Dal Adjusted),Pulse,today,2026-09-28,0,69.11,84.41,15.3,1.22,22.15,76.27,-9.64,Low
Gram Dal(Bharat Dal Adjusted),Pulse,week_1,2026-09-21,7,68.59,83.78,15.19,1.22,22.15,75.71,-9.63,Low
Gram Dal(Bharat Dal Adjusted),Pulse,month_1,2026-08-28,31,67.97,83.4,15.43,1.23,22.7,75.04,-10.02,Low
Gram Dal(Bharat Dal Adjusted),Pulse,month_6,2026-03-28,184,65.62,81.62,16.0,1.24,24.39,72.45,-11.23,Low
Gram Dal(Bharat Dal Adjusted),Pulse,year_1,2025-09-28,365,66.32,81.57,15.25,1.23,22.99,73.13,-10.35,Low
Gram Dal(Bharat Dal Adjusted),Pulse,year_2,2024-09-28,730,73.89,88.58,14.69,1.2,19.87,81.01,-8.55,Low
Gram Dal,Pulse,today,2026-09-28,0,81.19,88.72,7.53,1.09,9.27,91.21,2.81,Low
Gram Dal,Pulse,week_1,2026-09-21,7,80.58,87.98,7.4,1.09,9.18,90.55,2.92,Low
Gram Dal,Pulse,month_1,2026-08-28,31,79.86,87.53,7.67,1.1,9.6,89.75,2.54,Low
Gram Dal,Pulse,month_6,2026-03-28,184,77.09,85.44,8.35,1.11,10.83,86.66,1.43,Low
Gram Dal,Pulse,year_1,2025-09-28,365,77.92,85.38,7.46,1.1,9.57,87.45,2.42,Low
Gram Dal,Pulse,year_2,2024-09-28,730,86.83,93.62,6.79,1.08,7.82,96.77,3.36,Low
Tur/Arhar Dal,Pulse,today,2026-09-28,0,116.41,125.72,9.31,1.08,8.0,128.92,2.55,Medium
Tur/Arhar Dal,Pulse,week_1,2026-09-21,7,115.32,124.23,8.91,1.08,7.72,127.75,2.83,Medium
Tur/Arhar Dal,Pulse,month_1,2026-08-28,31,114.73,123.98,9.25,1.08,8.06,127.1,2.52,Medium
Tur/Arhar Dal,Pulse,month_6,2026-03-28,184,111.69,121.55,9.86,1.09,8.83,123.71,1.78,Medium
Tur/Arhar Dal,Pulse,year_1,2025-09-28,365,103.18,112.53,9.35,1.09,9.06,114.47,1.72,Medium
Tur/Arhar Dal,Pulse,year_2,2024-09-28,730,153.48,163.62,10.14,1.07,6.61,167.26,2.22,Medium
Urad Dal,Pulse,today,2026-09-28,0,113.75,123.13,9.38,1.08,8.25,126.04,2.36,Medium
Urad Dal,Pulse,week_1,2026-09-21,7,113.45,122.43,8.98,1.08,7.91,125.72,2.69,Medium
Urad Dal,Pulse,month_1,2026-08-28,31,114.19,123.04,8.85,1.08,7.75,126.49,2.8,Medium
Urad Dal,Pulse,month_6,2026-03-28,184,107.87,117.47,9.6,1.09,8.9,119.6,1.81,Medium
Urad Dal,Pulse,year_1,2025-09-28,365,103.4,113.33,9.93,1.1,9.61,114.65,1.16,Medium
Urad Dal,Pulse,year_2,2024-09-28,730,115.19,124.74,9.55,1.08,8.29,126.83,1.68,Medium
Moong Dal,Pulse,today,2026-09-28,0,102.34,112.14,9.8,1.1,9.57,113.75,1.44,Low
Moong Dal,Pulse,week_1,2026-09-21,7,102.21,111.77,9.56,1.09,9.36,113.6,1.64,Low
Moong Dal,Pulse,month_1,2026-08-28,31,102.72,112.18,9.46,1.09,9.21,114.13,1.74,Low
Moong Dal,Pulse,month_6,2026-03-28,184,101.72,111.11,9.39,1.09,9.23,112.93,1.64,Low
Moong Dal,Pulse,year_1,2025-09-28,365,99.89,108.9,9.01,1.09,9.02,110.82,1.76,Low
Moong Dal,Pulse,year_2,2024-09-28,730,106.51,116.06,9.55,1.09,8.96,117.55,1.28,Low
Masoor Dal,Pulse,today,2026-09-28,0,82.16,90.43,8.27,1.1,10.07,92.15,1.9,Low
Masoor Dal,Pulse,week_1,2026-09-21,7,82.29,90.26,7.97,1.1,9.69,92.29,2.25,Low
Masoor Dal,Pulse,month_1,2026-08-28,31,82.33,90.37,8.04,1.1,9.76,92.32,2.16,Low
Masoor Dal,Pulse,month_6,2026-03-28,184,80.5,89.09,8.59,1.11,10.67,90.24,1.29,Low
Masoor Dal,Pulse,year_1,2025-09-28,365,79.91,87.5,7.59,1.09,9.5,89.47,2.25,Low
Masoor Dal,Pulse,year_2,2024-09-28,730,81.25,89.47,8.22,1.1,10.11,90.65,1.32,Low
Sugar,Other,today,2026-09-28,0,51.66,56.17,4.51,1.09,8.74,59.8,6.46,High
Sugar,Other,week_1,2026-09-21,7,53.24,58.14,4.9,1.09,9.2,61.56,5.88,High
Sugar,Other,month_1,2026-08-28,31,59.35,64.1,4.75,1.08,8.0,68.3,6.55,High
Sugar,Other,month_6,2026-03-28,184,42.99,46.34,3.35,1.08,7.8,50.09,8.09,High
Sugar,Other,year_1,2025-09-28,365,42.93,46.1,3.17,1.07,7.38,49.97,8.39,High
Sugar,Other,year_2,2024-09-28,730,41.56,44.77,3.21,1.08,7.73,48.32,7.93,High
Milk,Dairy,today,2026-09-28,0,57.63,61.45,3.82,1.07,6.63,65.72,6.95,Medium
Milk,Dairy,week_1,2026-09-21,7,57.75,61.46,3.71,1.06,6.43,65.84,7.13,Medium
Milk,Dairy,month_1,2026-08-28,31,58.26,61.64,3.38,1.06,5.81,66.39,7.71,Medium
Milk,Dairy,month_6,2026-03-28,184,56.33,59.56,3.23,1.06,5.73,64.2,7.79,Medium
Milk,Dairy,year_1,2025-09-28,365,54.89,58.12,3.23,1.06,5.88,62.54,7.6,Medium
Milk,Dairy,year_2,2024-09-28,730,55.42,59.14,3.72,1.07,6.71,62.93,6.41,Medium
Groundnut Oil (Packed),Oil,today,2026-09-28,0,198.55,209.94,11.39,1.06,5.74,208.94,-0.48,Medium
Groundnut Oil (Packed),Oil,week_1,2026-09-21,7,196.51,206.77,10.26,1.05,5.22,206.87,0.05,Medium
Groundnut Oil (Packed),Oil,month_1,2026-08-28,31,197.08,206.91,9.83,1.05,4.99,207.41,0.24,Medium
Groundnut Oil (Packed),Oil,month_6,2026-03-28,184,186.98,197.64,10.66,1.06,5.7,196.94,-0.35,Medium
Groundnut Oil (Packed),Oil,year_1,2025-09-28,365,177.08,187.73,10.65,1.06,6.01,186.64,-0.58,Medium
Groundnut Oil (Packed),Oil,year_2,2024-09-28,730,175.72,186.84,11.12,1.06,6.33,184.71,-1.14,Medium
Mustard Oil (Packed),Oil,today,2026-09-28,0,193.11,202.88,9.77,1.05,5.06,203.62,0.36,Medium
Mustard Oil (Packed),Oil,week_1,2026-09-21,7,192.31,202.62,10.31,1.05,5.36,202.8,0.09,Medium
Mustard Oil (Packed),Oil,month_1,2026-08-28,31,191.21,200.82,9.61,1.05,5.03,201.64,0.41,Medium
Mustard Oil (Packed),Oil,month_6,2026-03-28,184,176.58,186.55,9.97,1.06,5.65,186.57,0.01,Medium
Mustard Oil (Packed),Oil,year_1,2025-09-28,365,179.75,188.68,8.93,1.05,4.97,189.52,0.45,Medium
Mustard Oil (Packed),Oil,year_2,2024-09-28,730,143.58,152.82,9.24,1.06,6.44,152.28,-0.35,Medium
Vanaspati (Packed),Oil,today,2026-09-28,0,158.09,168.2,10.11,1.06,6.4,167.72,-0.29,Medium
Vanaspati (Packed),Oil,week_1,2026-09-21,7,156.93,167.16,10.23,1.07,6.52,166.53,-0.38,Medium
Vanaspati (Packed),Oil,month_1,2026-08-28,31,156.54,166.36,9.82,1.06,6.27,166.1,-0.16,Medium
Vanaspati (Packed),Oil,month_6,2026-03-28,184,146.85,158.14,11.29,1.08,7.69,156.0,-1.35,Medium
Vanaspati (Packed),Oil,year_1,2025-09-28,365,143.7,154.75,11.05,1.08,7.69,152.56,-1.42,Medium
Vanaspati (Packed),Oil,year_2,2024-09-28,730,120.24,130.35,10.11,1.08,8.41,128.15,-1.69,Medium
Soya Oil (Packed),Oil,today,2026-09-28,0,157.07,166.92,9.85,1.06,6.27,166.86,-0.04,High
Soya Oil (Packed),Oil,week_1,2026-09-21,7,156.7,166.73,10.03,1.06,6.4,166.46,-0.16,High
Soya Oil (Packed),Oil,month_1,2026-08-28,31,154.84,164.45,9.61,1.06,6.21,164.54,0.05,High
Soya Oil (Packed),Oil,month_6,2026-03-28,184,145.14,155.27,10.13,1.07,6.98,154.44,-0.53,High
Soya Oil (Packed),Oil,year_1,2025-09-28,365,137.58,146.16,8.58,1.06,6.23,146.49,0.23,High
Soya Oil (Packed),Oil,year_2,2024-09-28,730,119.55,128.6,9.05,1.08,7.57,127.63,-0.75,High
Sunflower Oil (Packed),Oil,today,2026-09-28,0,184.25,193.01,8.76,1.05,4.75,194.81,0.93,High
Sunflower Oil (Packed),Oil,week_1,2026-09-21,7,183.84,192.56,8.72,1.05,4.74,194.39,0.95,High
Sunflower Oil (Packed),Oil,month_1,2026-08-28,31,182.7,191.42,8.72,1.05,4.77,193.19,0.92,High
Sunflower Oil (Packed),Oil,month_6,2026-03-28,184,172.71,182.55,9.84,1.06,5.69,182.8,0.14,High
Sunflower Oil (Packed),Oil,year_1,2025-09-28,365,154.6,162.12,7.52,1.05,4.86,164.1,1.22,High
Sunflower Oil (Packed),Oil,year_2,2024-09-28,730,123.54,132.07,8.53,1.07,6.91,131.89,-0.14,High
Palm Oil (Packed),Oil,today,2026-09-28,0,144.72,153.41,8.69,1.06,6.01,154.44,0.67,High
Palm Oil (Packed),Oil,week_1,2026-09-21,7,142.74,151.4,8.66,1.06,6.06,152.4,0.66,High
Palm Oil (Packed),Oil,month_1,2026-08-28,31,140.43,148.76,8.33,1.06,5.93,150.01,0.84,High
Palm Oil (Packed),Oil,month_6,2026-03-28,184,132.49,141.49,9.0,1.07,6.79,141.69,0.14,High
Palm Oil (Packed),Oil,year_1,2025-09-28,365,125.01,132.6,7.59,1.06,6.07,133.81,0.91,High
Palm Oil (Packed),Oil,year_2,2024-09-28,730,106.93,114.14,7.21,1.07,6.75,114.84,0.61,High
Gur,Other,today,2026-09-28,0,58.98,66.51,7.53,1.13,12.77,66.73,0.33,High
Gur,Other,week_1,2026-09-21,7,59.69,66.92,7.23,1.12,12.12,67.5,0.87,High
Gur,Other,month_1,2026-08-28,31,60.88,68.24,7.36,1.12,12.08,68.78,0.79,High
Gur,Other,month_6,2026-03-28,184,49.91,57.06,7.15,1.14,14.33,56.74,-0.56,High
Gur,Other,year_1,2025-09-28,365,49.08,56.11,7.03,1.14,14.32,55.74,-0.66,High
Gur,Other,year_2,2024-09-28,730,48.0,55.4,7.4,1.15,15.43,54.38,-1.84,High
Tea Loose,Other,today,2026-09-28,0,244.99,275.62,30.63,1.13,12.5,234.94,-14.76,Low
Tea Loose,Other,week_1,2026-09-21,7,246.17,276.91,30.74,1.12,12.49,235.96,-14.79,Low
Tea Loose,Other,month_1,2026-08-28,31,248.95,280.41,31.46,1.13,12.64,238.32,-15.01,Low
Tea Loose,Other,month_6,2026-03-28,184,242.57,269.04,26.47,1.11,10.91,232.39,-13.62,Low
Tea Loose,Other,year_1,2025-09-28,365,238.4,263.68,25.28,1.11,10.6,228.32,-13.41,Low
Tea Loose,Other,year_2,2024-09-28,730,240.03,265.72,25.69,1.11,10.7,228.88,-13.86,Low
Salt Pack (Iodised),Other,today,2026-09-28,0,18.74,22.28,3.54,1.19,18.89,21.99,-1.3,Medium
Salt Pack (Iodised),Other,week_1,2026-09-21,7,19.07,22.62,3.55,1.19,18.6,22.36,-1.15,Medium
Salt Pack (Iodised),Other,month_1,2026-08-28,31,18.8,22.35,3.55,1.19,18.89,22.05,-1.34,Medium
Salt Pack (Iodised),Other,month_6,2026-03-28,184,17.74,21.32,3.58,1.2,20.21,20.82,-2.35,Medium
Salt Pack (Iodised),Other,year_1,2025-09-28,365,18.1,21.55,3.45,1.19,19.05,21.21,-1.58,Medium
Salt Pack (Iodised),Other,year_2,2024-09-28,730,18.68,22.11,3.43,1.18,18.33,21.81,-1.36,Medium
Potato,Veg,today,2026-09-28,0,16.98,22.82,5.84,1.34,34.42,21.78,-4.56,High
Potato,Veg,week_1,2026-09-21,7,16.63,22.45,5.82,1.35,35.0,21.35,-4.9,High
Potato,Veg,month_1,2026-08-28,31,17.02,23.01,5.99,1.35,35.18,21.83,-5.13,High
Potato,Veg,month_6,2026-03-28,184,15.31,20.54,5.23,1.34,34.2,19.69,-4.14,High
Potato,Veg,year_1,2025-09-28,365,18.54,24.34,5.8,1.31,31.3,23.68,-2.71,High
Potato,Veg,year_2,2024-09-28,730,29.5,36.38,6.88,1.23,23.32,37.03,1.79,High
Onion,Veg,today,2026-09-28,0,46.33,54.2,7.87,1.17,16.98,59.16,9.15,High
Onion,Veg,week_1,2026-09-21,7,46.16,54.23,8.07,1.17,17.48,58.94,8.69,High
Onion,Veg,month_1,2026-08-28,31,40.29,48.5,8.21,1.2,20.37,51.67,6.54,High
Onion,Veg,month_6,2026-03-28,184,19.19,25.16,5.97,1.31,31.08,25.19,0.12,High
Onion,Veg,year_1,2025-09-28,365,19.28,25.22,5.94,1.31,30.78,25.27,0.2,High
Onion,Veg,year_2,2024-09-28,730,45.48,53.86,8.38,1.18,18.44,57.74,7.2,High
Tomato,Veg,today,2026-09-28,0,31.14,39.79,8.65,1.28,27.78,39.32,-1.18,High
Tomato,Veg,week_1,2026-09-21,7,30.7,39.16,8.45,1.28,27.54,38.79,-0.94,High
Tomato,Veg,month_1,2026-08-28,31,29.79,38.34,8.55,1.29,28.68,37.68,-1.72,High
Tomato,Veg,month_6,2026-03-28,184,19.93,26.78,6.85,1.34,34.39,25.57,-4.52,High
Tomato,Veg,year_1,2025-09-28,365,28.07,36.24,8.17,1.29,29.13,35.5,-2.04,High
Tomato,Veg,year_2,2024-09-28,730,41.87,51.93,10.06,1.24,24.02,52.02,0.17,High
